Date,Clicks,Impressions,CTR,Position
2026-07-05,0,0,,
2026-07-06,0,0,,
2026-07-07,0,0,,
2026-07-08,0,1,0%,1
2026-07-09,0,0,,
2026-07-10,0,0,,
2026-07-11,0,28,0%,80.9
2026-07-12,0,242,0%,67.9
2026-07-13,0,178,0%,68.9
2026-07-14,0,126,0%,65.2
2026-07-15,0,98,0%,62.7
2026-07-16,0,141,0%,65.8
2026-07-17,0,96,0%,59.1
2026-07-18,0,131,0%,64.1
2026-07-19,0,142,0%,69
2026-07-20,1,30,3.33%,60.4
2026-07-21,0,23,0%,60.2
2026-07-22,0,39,0%,70.2
2026-07-23,0,40,0%,67
2026-07-24,0,24,0%,59.1
2026-07-25,0,19,0%,69.2
2026-07-26,0,27,0%,66.2
2026-07-27,0,11,0%,72.5
2026-07-28,0,7,0%,70.1
2026-07-29,0,7,0%,89
2026-07-30,0,8,0%,79.8
2026-07-31,0,7,0%,56.7
2026-08-01,0,5,0%,70.8
2026-08-02,0,24,0%,81.7
2026-08-03,0,7,0%,65
2026-08-04,0,1,0%,40
2026-08-05,0,1,0%,100
2026-08-06,0,0,,
2026-08-07,0,10,0%,80.5
2026-08-08,0,4,0%,85.8
2026-08-09,0,3,0%,31
2026-08-10,0,3,0%,97.7
2026-08-11,0,5,0%,82.2
2026-08-12,0,7,0%,80.1
2026-08-13,0,2,0%,88
2026-08-14,0,4,0%,51
2026-08-15,0,3,0%,46.7
2026-08-16,0,5,0%,80.6
2026-08-17,0,2,0%,89.5
2026-08-18,0,4,0%,71.2
2026-08-19,0,1,0%,100
2026-08-20,0,1,0%,94
2026-08-21,0,8,0%,90.5
2026-08-22,0,1,0%,55
2026-08-23,0,1,0%,98
2026-08-24,0,0,,
2026-08-25,0,1,0%,81
2026-08-26,0,2,0%,92
2026-08-27,0,0,,
2026-08-28,0,2,0%,31
2026-08-29,0,2,0%,47.5
2026-08-30,0,0,,
2026-08-31,0,2,0%,50
2026-09-01,0,1,0%,9
2026-09-02,0,0,,
2026-09-03,0,0,,
2026-09-04,0,0,,
2026-09-05,0,5,0%,26.6
2026-09-06,0,1,0%,7
2026-09-07,0,0,,
2026-09-08,0,3,0%,17.3
2026-09-09,0,3,0%,9.3
2026-09-10,0,0,,
2026-09-11,0,0,,
2026-09-12,0,1,0%,88
2026-09-13,0,1,0%,10
2026-09-14,0,1,0%,94
2026-09-15,0,4,0%,41.2
2026-09-16,0,0,,
2026-09-17,0,0,,
2026-09-18,0,0,,
2026-09-19,0,1,0%,8
2026-09-20,0,0,,
2026-09-21,0,0,,
2026-09-22,0,1,0%,1
2026-09-23,0,0,,
2026-09-24,0,2,0%,8
2026-09-25,0,28,0%,11
2026-09-26,0,17,0%,9.8
2026-09-27,0,2,0%,8.5
2026-09-28,0,0,,
2026-09-29,0,4,0%,35
2026-09-30,0,0,,
2026-10-01,0,0,,
2026-10-02,0,1,0%,85
2026-10-03,0,3,0%,38
2026-10-04,0,6,0%,24.8